refund_id,order_id,amount,reason,created_at
R000001,O202503010089,error,delay,2025-03-01 14:03:41
R000002,O202503010038,-8.89,gesture,2025-03-01 22:16:56
R000003,O202503010008,again,item_issue,2025-03-01 20:06:25
R000004,O202503010073,-2.47,coupon,2025-03-01 20:02:46
R000005,O202503010005,-3.83,gesture,2025-03-01 09:58:15
R000006,O202503010099,-6.53,item_issue,2025-03-01 20:32:00
R000007,O202503010003,-3.13,item_issue,2025-03-01 08:49:52
R000008,O202503010080,-16.96,gesture,2025-03-01 11:00:56
R000009,O202503010021,-5.93,item_issue,2025-03-01 12:13:42
R000010,O202503010096,-8.82,item_issue,2025-03-01 18:18:47
R000011,O202503010005,-8.92,gesture,2025-03-01 14:26:54
R000012,O202503010091,-5.72,coupon,2025-03-01 12:23:01
R000013,O202503010005,-5.1,item_issue,2025-03-01 16:32:52
R000014,O202503010093,-14.86,item_issue,2025-03-01 14:30:53
R000015,O202503010021,-11.72,gesture,2025-03-01 08:58:41
R000016,O202503010039,-16.65,coupon,2025-03-01 22:50:16
R000017,O202503010073,-2.55,gesture,2025-03-01 16:07:05
R000018,O202503010025,-2.6,item_issue,2025-03-01 08:36:05
R000019,O202503010006,-6.95,item_issue,2025-03-01 10:52:07
R000020,O202503010021,-7.9,delay,2025-03-01 20:19:39
R000021,O202503010018,-3.65,coupon,2025-03-01 15:55:23
R000022,O202503010008,-3.69,delay,2025-03-01 15:52:55
R000023,O202503010053,-2.81,gesture,2025-03-01 21:52:06
R000024,O202503010097,-18.42,coupon,2025-03-01 09:52:11
R000025,O202503010071,-6.77,delay,2025-03-01 09:51:06
R000026,O202503010074,-1.04,coupon,2025-03-01 08:38:04
R000027,O202503010061,-13.85,delay,2025-03-01 21:38:55
R000028,O202503010042,-7.74,gesture,2025-03-01 22:04:42
R000029,O202503010075,-17.9,delay,2025-03-01 08:48:47
R000030,O202503010066,-13.84,coupon,2025-03-01 16:11:24
R000031,O202503010026,-3.22,delay,2025-03-01 22:36:02
R000032,O202503010078,-10.86,coupon,2025-03-01 16:30:14
R000033,O202503010059,-7.25,coupon,2025-03-01 14:51:20
R000034,O202503010094,-15.58,item_issue,2025-03-01 11:40:45
R000035,O202503010056,-6.05,delay,2025-03-01 19:34:17
R000036,O202503010024,-12.09,coupon,2025-03-01 18:11:17
R000037,O202503010059,-14.81,coupon,2025-03-01 14:11:30
R000038,O202503010070,-5.41,item_issue,2025-03-01 13:54:56
R000039,O202503010044,-5.15,coupon,2025-03-01 17:19:41
R000040,O202503010043,-12.68,item_issue,2025-03-01 23:37:55
R000041,O202503010050,-2.81,delay,2025-03-01 22:52:50
R000042,O202503010015,-6.76,item_issue,2025-03-01 14:12:11
R000043,O202503010005,-17.57,gesture,2025-03-01 13:21:11
R000044,O202503020063,-17.2,delay,2025-03-02 21:01:05
R000045,O202503020016,-17.81,coupon,2025-03-02 16:08:08
R000046,O202503020076,-11.08,gesture,2025-03-02 08:36:05
R000047,O202503020087,-9.41,item_issue,2025-03-02 11:41:51
R000048,O202503020014,-12.46,gesture,2025-03-02 18:13:18
R000049,O202503020069,-15.64,gesture,2025-03-02 18:13:17
R000050,O202503020100,-7.07,delay,2025-03-02 13:45:16
R000051,O202503020086,-14.15,coupon,2025-03-02 11:25:56
R000052,O202503020073,-3.11,delay,2025-03-02 23:51:26
R000053,O202503020057,-13.02,item_issue,2025-03-02 09:00:52
R000054,O202503020068,-17.01,coupon,2025-03-02 09:49:01
R000055,O202503020046,-2.62,item_issue,2025-03-02 15:33:35
R000056,O202503020057,-5.26,delay,2025-03-02 12:17:42
R000057,O202503020055,-2.49,gesture,2025-03-02 21:30:46
R000058,O202503020059,-14.71,gesture,2025-03-02 23:38:00
R000059,O202503020074,-18.71,delay,2025-03-02 09:23:01
R000060,O202503020020,-4.12,coupon,2025-03-02 20:44:25
R000061,O202503020079,-13.73,gesture,2025-03-02 17:13:37
R000062,O202503020068,-14.36,gesture,2025-03-02 15:16:35
R000063,O202503020061,-19.94,gesture,2025-03-02 18:31:34
R000064,O202503020092,-12.75,item_issue,2025-03-02 12:41:43
R000065,O202503020009,-12.52,delay,2025-03-02 20:35:29
R000066,O202503020034,-5.86,delay,2025-03-02 10:46:58
R000067,O202503020011,-13.27,item_issue,2025-03-02 18:27:44
R000068,O202503020040,-6.5,gesture,2025-03-02 10:30:30
R000069,O202503020024,-13.1,coupon,2025-03-02 11:11:47
R000070,O202503020084,-2.34,item_issue,2025-03-02 10:27:48
R000071,O202503020099,-9.33,item_issue,2025-03-02 16:02:27
R000072,O202503020060,-12.66,coupon,2025-03-02 13:50:22
R000073,O202503020055,-4.44,item_issue,2025-03-02 23:25:20
R000074,O202503020094,-14.64,delay,2025-03-02 14:15:45
R000075,O202503020069,-12.39,item_issue,2025-03-02 21:20:27
R000076,O202503020085,-2.95,coupon,2025-03-02 23:19:46
R000077,O202503020092,-3.28,item_issue,2025-03-02 23:52:42
R000078,O202503020037,-4.76,item_issue,2025-03-02 23:26:26
R000079,O202503030028,-15.89,coupon,2025-03-03 16:50:17
R000080,O202503030070,-15.53,item_issue,2025-03-03 10:26:11
R000081,O202503030034,-2.1,gesture,2025-03-03 11:00:15
R000082,O202503030010,-8.96,item_issue,2025-03-03 14:41:38
R000083,O202503030099,-7.71,gesture,2025-03-03 23:39:40
R000084,O202503030044,-11.52,coupon,2025-03-03 11:29:57
R000085,O202503030027,-18.38,coupon,2025-03-03 15:33:05
R000086,O202503030094,-2.97,item_issue,2025-03-03 20:01:56
R000087,O202503030001,-19.73,delay,2025-03-03 08:05:32
R000088,O202503030026,-7.88,gesture,2025-03-03 17:20:56
R000089,O202503030096,-12.08,delay,2025-03-03 22:55:44
R000090,O202503030040,-7.38,coupon,2025-03-03 09:20:26
R000091,O202503030081,-12.8,delay,2025-03-03 10:23:59
R000092,O202503030008,-14.42,item_issue,2025-03-03 10:38:06
R000093,O202503030051,-18.1,delay,2025-03-03 23:29:43
R000094,O202503030065,-6.8,item_issue,2025-03-03 08:15:18
R000095,O202503030047,-18.61,delay,2025-03-03 16:09:18
R000096,O202503030080,-16.82,coupon,2025-03-03 15:37:07
R000097,O202503030067,-16.65,gesture,2025-03-03 19:48:00
R000098,O202503030009,-18.41,coupon,2025-03-03 12:33:43
R000099,O202503030072,-10.48,gesture,2025-03-03 15:42:12
R000100,O202503030027,-5.3,delay,2025-03-03 09:34:23
R000101,O202503030064,-14.4,item_issue,2025-03-03 14:40:11
R000102,O202503030020,-5.49,delay,2025-03-03 22:04:56
R000103,O202503030032,-15.75,item_issue,2025-03-03 09:38:15
R000104,O202503030031,-14.38,delay,2025-03-03 10:29:49
R000105,O202503030087,-5.11,coupon,2025-03-03 14:42:13
R000106,O202503030089,-14.33,gesture,2025-03-03 09:28:58
R000107,O202503030080,-1.72,delay,2025-03-03 13:56:14
R000108,O202503030100,-15.35,coupon,2025-03-03 12:55:15
R000109,O202503030009,-8.66,item_issue,2025-03-03 15:25:02
R000110,O202503030062,-9.5,coupon,2025-03-03 15:17:24
R000111,O202503040020,-6.3,gesture,2025-03-04 15:27:55
R000112,O202503040021,-15.51,coupon,2025-03-04 09:54:37
R000113,O202503040090,-8.37,gesture,2025-03-04 16:18:32
R000114,O202503040081,-14.15,coupon,2025-03-04 14:41:51
R000115,O202503040088,-4.29,item_issue,2025-03-04 10:19:35
R000116,O202503040080,-17.91,item_issue,2025-03-04 21:15:04
R000117,O202503040006,-1.42,item_issue,2025-03-04 13:23:41
R000118,O202503040063,-14.52,delay,2025-03-04 18:19:18
R000119,O202503040087,-7.18,coupon,2025-03-04 15:06:31
R000120,O202503040018,-8.18,delay,2025-03-04 18:46:27
R000121,O202503040081,-1.4,gesture,2025-03-04 10:31:44
R000122,O202503040022,-5.87,item_issue,2025-03-04 22:34:43
R000123,O202503040076,-18.58,gesture,2025-03-04 14:20:09
R000124,O202503040023,-19.58,item_issue,2025-03-04 21:09:49
R000125,O202503040070,-8.74,gesture,2025-03-04 17:01:13
R000126,O202503040006,-19.9,coupon,2025-03-04 13:24:43
R000127,O202503040049,-19.72,item_issue,2025-03-04 17:06:02
R000128,O202503040036,-4.25,item_issue,2025-03-04 12:43:48
R000129,O202503040089,-3.23,delay,2025-03-04 16:40:16
R000130,O202503040066,-15.08,gesture,2025-03-04 13:13:51
R000131,O202503040024,-19.12,delay,2025-03-04 12:30:48
R000132,O202503040048,-3.84,item_issue,2025-03-04 23:48:03
R000133,O202503040027,-12.95,gesture,2025-03-04 08:21:57
R000134,O202503040096,-3.35,coupon,2025-03-04 17:13:07
R000135,O202503040028,-18.74,coupon,2025-03-04 12:26:32
R000136,O202503040031,-10.75,gesture,2025-03-04 09:12:45
R000137,O202503040088,-10.06,delay,2025-03-04 09:13:49
R000138,O202503040027,-18.67,item_issue,2025-03-04 20:42:22
R000139,O202503040079,-2.07,coupon,2025-03-04 09:52:14
R000140,O202503040003,-8.53,coupon,2025-03-04 22:35:16
R000141,O202503040022,-3.99,delay,2025-03-04 11:44:52
R000142,O202503040034,-7.21,coupon,2025-03-04 12:06:47
R000143,O202503040091,-19.05,gesture,2025-03-04 19:21:00
R000144,O202503040023,-5.51,delay,2025-03-04 13:51:18
R000145,O202503040068,-5.61,coupon,2025-03-04 23:15:42
R000146,O202503040053,-1.55,coupon,2025-03-04 19:49:16
R000147,O202503040065,-10.5,item_issue,2025-03-04 09:41:18
R000148,O202503050007,-17.33,coupon,2025-03-05 17:19:13
R000149,O202503050040,-3.73,coupon,2025-03-05 22:18:39
R000150,O202503050097,-5.24,gesture,2025-03-05 21:42:45
R000151,O202503050020,-12.51,delay,2025-03-05 21:39:19
R000152,O202503050014,-5.69,gesture,2025-03-05 13:18:35
R000153,O202503050073,-17.75,gesture,2025-03-05 13:49:44
R000154,O202503050046,-6.67,item_issue,2025-03-05 22:33:10
R000155,O202503050009,-11.4,delay,2025-03-05 09:29:14
R000156,O202503050015,-11.53,coupon,2025-03-05 19:29:46
R000157,O202503050069,-13.3,delay,2025-03-05 20:41:00
R000158,O202503050029,-18.46,coupon,2025-03-05 16:42:04
R000159,O202503050046,-14.94,coupon,2025-03-05 15:12:20
R000160,O202503050002,-16.39,coupon,2025-03-05 19:38:53
R000161,O202503050058,-13.26,delay,2025-03-05 11:37:58
R000162,O202503050062,-12.34,delay,2025-03-05 23:32:11
R000163,O202503050032,-19.19,coupon,2025-03-05 17:03:51
R000164,O202503050021,-5.37,gesture,2025-03-05 12:51:35
R000165,O202503050075,-8.34,gesture,2025-03-05 18:00:42
R000166,O202503050079,-14.8,coupon,2025-03-05 22:16:17
R000167,O202503050022,-18.9,gesture,2025-03-05 17:33:29
R000168,O202503050062,-2.88,gesture,2025-03-05 18:45:42
R000169,O202503050015,-18.68,gesture,2025-03-05 15:36:55
R000170,O202503050096,-5.66,coupon,2025-03-05 14:41:53
R000171,O202503050055,-1.39,gesture,2025-03-05 17:43:37
R000172,O202503050011,-1.19,item_issue,2025-03-05 08:41:54
R000173,O202503050096,-7.49,item_issue,2025-03-05 14:57:10
R000174,O202503050053,-15.87,item_issue,2025-03-05 10:52:44
R000175,O202503050004,-13.24,delay,2025-03-05 17:25:27
R000176,O202503050074,-5.82,coupon,2025-03-05 16:18:44
R000177,O202503050048,-15.43,delay,2025-03-05 10:59:44
R000178,O202503060018,-17.4,gesture,2025-03-06 17:09:49
R000179,O202503060078,-10.91,item_issue,2025-03-06 19:54:03
R000180,O202503060038,-8.9,delay,2025-03-06 14:38:21
R000181,O202503060023,-19.64,gesture,2025-03-06 13:12:51
R000182,O202503060001,-18.0,coupon,2025-03-06 12:27:23
R000183,O202503060082,-6.78,gesture,2025-03-06 14:04:17
R000184,O202503060020,-4.09,gesture,2025-03-06 21:50:42
R000185,O202503060041,-19.23,delay,2025-03-06 22:48:05
R000186,O202503060079,-17.16,item_issue,2025-03-06 17:26:34
R000187,O202503060060,-7.11,coupon,2025-03-06 11:00:15
R000188,O202503060080,-7.75,delay,2025-03-06 23:47:09
R000189,O202503060027,-14.54,coupon,2025-03-06 21:44:27
R000190,O202503060006,-8.05,item_issue,2025-03-06 08:08:42
R000191,O202503060027,-7.32,item_issue,2025-03-06 08:40:21
R000192,O202503060009,-9.49,delay,2025-03-06 13:03:39
R000193,O202503060024,-6.28,delay,2025-03-06 21:50:05
R000194,O202503060078,-19.93,gesture,2025-03-06 16:35:33
R000195,O202503060094,-4.62,coupon,2025-03-06 12:50:11
R000196,O202503060006,-6.35,item_issue,2025-03-06 15:39:59
R000197,O202503060036,-11.97,gesture,2025-03-06 13:53:15
R000198,O202503060077,-11.23,item_issue,2025-03-06 20:11:06
R000199,O202503070084,-11.0,delay,2025-03-07 19:11:00
R000200,O202503070082,-9.84,item_issue,2025-03-07 18:30:22
R000201,O202503070098,-14.93,coupon,2025-03-07 17:14:12
R000202,O202503070033,-14.42,gesture,2025-03-07 08:25:44
R000203,O202503070060,-9.6,coupon,2025-03-07 22:38:09
R000204,O202503070068,-14.05,delay,2025-03-07 09:12:39
R000205,O202503070095,-12.75,item_issue,2025-03-07 19:04:06
R000206,O202503070065,-16.56,gesture,2025-03-07 13:31:55
R000207,O202503070076,-9.45,gesture,2025-03-07 14:37:59
R000208,O202503070035,-1.27,gesture,2025-03-07 14:30:45
R000209,O202503070070,-5.82,gesture,2025-03-07 10:34:33
R000210,O202503070049,-6.48,delay,2025-03-07 12:08:28
R000211,O202503070057,-2.47,coupon,2025-03-07 23:38:58
R000212,O202503070004,-11.57,delay,2025-03-07 10:53:49
R000213,O202503070086,-6.53,delay,2025-03-07 14:26:43
R000214,O202503070073,-2.08,delay,2025-03-07 20:32:52
R000215,O202503070073,-5.03,item_issue,2025-03-07 22:32:50
R000216,O202503070024,-18.11,delay,2025-03-07 11:04:51
R000217,O202503070039,-14.54,item_issue,2025-03-07 23:35:34
R000218,O202503070010,-7.98,item_issue,2025-03-07 20:16:20
R000219,O202503070033,-11.26,coupon,2025-03-07 08:34:36
R000220,O202503070056,-18.01,delay,2025-03-07 22:50:29
R000221,O202503070029,-11.0,delay,2025-03-07 19:35:33
R000222,O202503070068,-17.64,coupon,2025-03-07 10:06:06
R000223,O202503080092,-7.81,delay,2025-03-08 09:31:05
R000224,O202503080076,-10.19,delay,2025-03-08 19:23:55
R000225,O202503080017,-19.34,delay,2025-03-08 13:58:00
R000226,O202503080039,-10.97,coupon,2025-03-08 19:23:54
R000227,O202503080049,-14.86,item_issue,2025-03-08 22:09:19
R000228,O202503080054,-12.8,delay,2025-03-08 13:10:40
R000229,O202503080018,-17.7,coupon,2025-03-08 18:57:17
R000230,O202503080085,-7.86,delay,2025-03-08 21:24:48
R000231,O202503080049,-8.62,gesture,2025-03-08 18:50:25
R000232,O202503080039,-12.42,delay,2025-03-08 21:55:04
R000233,O202503080031,-12.74,delay,2025-03-08 10:18:49
R000234,O202503080088,-10.39,coupon,2025-03-08 15:07:53
R000235,O202503080009,-11.95,gesture,2025-03-08 09:58:07
R000236,O202503080060,-14.1,coupon,2025-03-08 17:40:45
R000237,O202503080052,-8.51,delay,2025-03-08 23:56:00
R000238,O202503080026,-9.09,gesture,2025-03-08 12:42:35
R000239,O202503080064,-5.42,item_issue,2025-03-08 11:12:59
R000240,O202503080098,-8.31,gesture,2025-03-08 20:15:31
R000241,O202503080051,-10.68,item_issue,2025-03-08 09:56:50
R000242,O202503080006,-9.85,item_issue,2025-03-08 12:58:43
R000243,O202503080064,-5.04,delay,2025-03-08 21:36:27
R000244,O202503080035,-19.21,coupon,2025-03-08 10:25:24
R000245,O202503080072,-1.08,coupon,2025-03-08 18:12:19
R000246,O202503080046,-15.8,delay,2025-03-08 09:04:50
R000247,O202503080005,-3.56,delay,2025-03-08 17:19:45
R000248,O202503080077,-16.33,item_issue,2025-03-08 16:57:44
R000249,O202503080069,-12.5,gesture,2025-03-08 18:19:35
R000250,O202503080026,-13.87,coupon,2025-03-08 14:18:29
R000251,O202503080071,-8.96,gesture,2025-03-08 20:15:39
R000252,O202503080076,-11.3,coupon,2025-03-08 08:07:25
R000253,O202503080051,-11.04,gesture,2025-03-08 23:51:25
R000254,O202503080032,-4.52,gesture,2025-03-08 12:41:07
R000255,O202503080016,-18.55,coupon,2025-03-08 08:38:35
R000256,O202503080035,-17.21,delay,2025-03-08 22:46:40
R000257,O202503080056,-2.28,item_issue,2025-03-08 21:59:31
R000258,O202503080025,-4.06,coupon,2025-03-08 16:17:37
R000259,O202503080078,-18.21,delay,2025-03-08 21:03:47
R000260,O202503080096,-19.68,gesture,2025-03-08 10:06:43
R000261,O202503080015,-12.36,item_issue,2025-03-08 08:20:41
R000262,O202503080096,-10.42,gesture,2025-03-08 09:39:37
R000263,O202503080057,-4.13,delay,2025-03-08 17:04:05
R000264,O202503080072,-15.39,delay,2025-03-08 13:32:33
R000265,O202503080061,-6.04,delay,2025-03-08 21:29:33
R000266,O202503080011,-8.53,coupon,2025-03-08 12:30:18
R000267,O202503080043,-10.4,item_issue,2025-03-08 20:26:34
R000268,O202503080076,-13.65,coupon,2025-03-08 10:06:33
R000269,O202503090086,-5.46,delay,2025-03-09 13:43:57
R000270,O202503090020,-7.51,delay,2025-03-09 17:50:17
R000271,O202503090006,-18.71,coupon,2025-03-09 23:44:35
R000272,O202503090071,-13.17,item_issue,2025-03-09 08:51:07
R000273,O202503090019,-4.24,gesture,2025-03-09 12:36:52
R000274,O202503090017,-9.33,delay,2025-03-09 08:20:16
R000275,O202503090088,-2.9,item_issue,2025-03-09 16:15:42
R000276,O202503090024,-1.85,coupon,2025-03-09 19:04:35
R000277,O202503090062,-19.37,delay,2025-03-09 17:33:07
R000278,O202503090063,-5.19,delay,2025-03-09 13:09:40
R000279,O202503090084,-18.69,delay,2025-03-09 23:14:19
R000280,O202503090024,-9.81,coupon,2025-03-09 23:16:25
R000281,O202503090058,-7.91,delay,2025-03-09 16:23:50
R000282,O202503090022,-5.55,coupon,2025-03-09 22:17:28
R000283,O202503090092,-4.87,coupon,2025-03-09 10:29:35
R000284,O202503090040,-16.86,item_issue,2025-03-09 10:17:59
R000285,O202503090052,-7.93,coupon,2025-03-09 11:59:34
R000286,O202503090055,-15.39,item_issue,2025-03-09 23:54:01
R000287,O202503090070,-5.03,delay,2025-03-09 21:34:40
R000288,O202503090014,-5.66,coupon,2025-03-09 11:39:44
R000289,O202503090050,-3.44,delay,2025-03-09 13:40:31
R000290,O202503090004,-12.84,coupon,2025-03-09 18:22:07
R000291,O202503090036,-19.26,item_issue,2025-03-09 13:21:20
R000292,O202503090042,-1.29,coupon,2025-03-09 17:20:48
R000293,O202503090087,-19.33,delay,2025-03-09 16:00:53
R000294,O202503090006,-10.11,gesture,2025-03-09 20:39:16
R000295,O202503090089,-9.39,item_issue,2025-03-09 16:22:19
R000296,O202503090055,-14.1,gesture,2025-03-09 15:05:28
R000297,O202503090095,-12.45,delay,2025-03-09 22:11:29
R000298,O202503090065,-1.57,gesture,2025-03-09 23:30:56
R000299,O202503100079,-5.86,delay,2025-03-10 18:45:24
R000300,O202503100083,-1.68,item_issue,2025-03-10 12:59:55
R000301,O202503100096,-6.85,coupon,2025-03-10 22:57:29
R000302,O202503100033,-5.82,delay,2025-03-10 16:45:49
R000303,O202503100024,-4.46,coupon,2025-03-10 14:48:38
R000304,O202503100006,-18.04,gesture,2025-03-10 18:14:42
R000305,O202503100002,-4.65,coupon,2025-03-10 16:57:38
R000306,O202503100090,-7.26,coupon,2025-03-10 16:06:25
R000307,O202503100024,-9.98,gesture,2025-03-10 21:54:34
R000308,O202503100030,-4.68,item_issue,2025-03-10 13:45:29
R000309,O202503100007,-7.48,delay,2025-03-10 10:44:02
R000310,O202503100073,-4.69,item_issue,2025-03-10 16:40:05
R000311,O202503100072,-13.08,gesture,2025-03-10 18:19:20
R000312,O202503100021,-8.82,gesture,2025-03-10 12:49:10
R000313,O202503100078,-1.15,item_issue,2025-03-10 19:34:54
R000314,O202503100058,-15.63,gesture,2025-03-10 18:40:37
R000315,O202503100071,-4.98,gesture,2025-03-10 15:19:54
R000316,O202503100070,-4.13,delay,2025-03-10 14:11:09
R000317,O202503100089,-1.68,item_issue,2025-03-10 17:21:15
R000318,O202503100028,-12.25,gesture,2025-03-10 12:21:39
R000319,O202503100004,-7.78,coupon,2025-03-10 18:07:12
R000320,O202503100068,-6.25,delay,2025-03-10 11:46:24
R000321,O202503100037,-7.59,delay,2025-03-10 16:29:37
R000322,O202503100071,-8.49,gesture,2025-03-10 23:17:48
R000323,O202503100030,-9.71,coupon,2025-03-10 22:00:48
R000324,O202503100038,-16.22,coupon,2025-03-10 16:25:09
R000325,O202503100002,-3.69,gesture,2025-03-10 19:46:43
R000326,O202503100073,-17.48,gesture,2025-03-10 22:37:36
R000327,O202503100072,-15.49,delay,2025-03-10 18:32:07
R000328,O202503100001,-19.14,item_issue,2025-03-10 21:54:04
R000329,O202503100051,-4.36,item_issue,2025-03-10 18:04:53
R000330,O202503100051,-17.27,item_issue,2025-03-10 12:22:03
R000331,O202503100082,-9.97,coupon,2025-03-10 09:05:01
R000332,O202503100001,-6.21,gesture,2025-03-10 21:18:09
R000333,O202503100018,-18.08,gesture,2025-03-10 19:55:42
R000334,O202503100055,-13.05,delay,2025-03-10 14:44:06
R000335,O202503100089,-18.56,coupon,2025-03-10 20:11:44
R000336,O202503100095,-15.76,coupon,2025-03-10 10:52:05
R000337,O202503110029,-6.95,item_issue,2025-03-11 14:38:50
R000338,O202503110045,-2.27,delay,2025-03-11 15:05:09
R000339,O202503110020,-1.74,coupon,2025-03-11 19:32:47
R000340,O202503110003,-2.99,delay,2025-03-11 14:46:51
R000341,O202503110053,-12.87,item_issue,2025-03-11 12:10:11
R000342,O202503110059,-1.45,delay,2025-03-11 09:18:33
R000343,O202503110043,-6.25,item_issue,2025-03-11 22:47:14
R000344,O202503110080,-3.33,delay,2025-03-11 17:13:35
R000345,O202503110065,-2.85,gesture,2025-03-11 12:56:33
R000346,O202503110079,-1.21,gesture,2025-03-11 17:07:58
R000347,O202503110058,-17.15,coupon,2025-03-11 21:21:21
R000348,O202503110056,-13.18,coupon,2025-03-11 14:22:21
R000349,O202503110077,-8.54,coupon,2025-03-11 20:39:21
R000350,O202503110083,-16.09,delay,2025-03-11 14:57:37
R000351,O202503110072,-2.59,gesture,2025-03-11 12:14:48
R000352,O202503110020,-7.83,coupon,2025-03-11 11:16:45
R000353,O202503110047,-2.93,item_issue,2025-03-11 23:49:33
R000354,O202503110011,-15.1,gesture,2025-03-11 14:55:43
R000355,O202503110092,-6.13,delay,2025-03-11 19:07:16
R000356,O202503110038,-19.62,delay,2025-03-11 15:02:05
R000357,O202503110051,-10.29,delay,2025-03-11 17:25:44
R000358,O202503110054,-6.24,gesture,2025-03-11 18:47:14
R000359,O202503110084,-14.57,item_issue,2025-03-11 10:49:42
R000360,O202503110024,-16.97,item_issue,2025-03-11 20:05:58
R000361,O202503110091,-6.85,gesture,2025-03-11 10:30:23
R000362,O202503110002,-17.23,item_issue,2025-03-11 14:37:38
R000363,O202503110009,-12.69,item_issue,2025-03-11 21:34:18
R000364,O202503110071,-12.38,item_issue,2025-03-11 15:48:04
R000365,O202503110097,-12.61,item_issue,2025-03-11 22:26:58
R000366,O202503110097,-5.35,coupon,2025-03-11 13:36:29
R000367,O202503110033,-9.65,item_issue,2025-03-11 10:19:47
R000368,O202503110026,-8.68,item_issue,2025-03-11 08:16:17
R000369,O202503110030,-5.73,delay,2025-03-11 21:59:40
R000370,O202503110070,-5.63,item_issue,2025-03-11 11:30:37
R000371,O202503110097,-8.92,coupon,2025-03-11 13:24:47
R000372,O202503110006,-11.77,gesture,2025-03-11 10:15:57
R000373,O202503110065,-12.61,gesture,2025-03-11 17:57:47
R000374,O202503110080,-5.68,delay,2025-03-11 12:05:53
R000375,O202503110062,-13.06,delay,2025-03-11 10:19:43
R000376,O202503110006,-17.01,gesture,2025-03-11 08:41:00
R000377,O202503110012,-12.67,gesture,2025-03-11 23:04:19
R000378,O202503120086,-6.42,coupon,2025-03-12 19:31:26
R000379,O202503120019,-12.44,item_issue,2025-03-12 19:58:42
R000380,O202503120043,-19.58,coupon,2025-03-12 22:18:23
R000381,O202503120016,-9.31,coupon,2025-03-12 15:42:55
R000382,O202503120095,-14.12,gesture,2025-03-12 13:47:37
R000383,O202503120070,-14.94,gesture,2025-03-12 13:01:37
R000384,O202503120066,-13.42,gesture,2025-03-12 17:25:51
R000385,O202503120054,-11.24,coupon,2025-03-12 23:15:05
R000386,O202503120093,-17.33,item_issue,2025-03-12 18:35:25
R000387,O202503120016,-13.65,gesture,2025-03-12 18:54:59
R000388,O202503120002,-14.32,item_issue,2025-03-12 20:35:58
R000389,O202503120036,-6.9,item_issue,2025-03-12 09:09:31
R000390,O202503120028,-8.02,delay,2025-03-12 12:57:32
R000391,O202503120080,-13.53,delay,2025-03-12 16:46:55
R000392,O202503120034,-9.83,gesture,2025-03-12 12:02:45
R000393,O202503120020,-6.08,gesture,2025-03-12 16:34:13
R000394,O202503120047,-8.79,gesture,2025-03-12 16:27:15
R000395,O202503120054,-18.11,delay,2025-03-12 11:47:50
R000396,O202503120022,-10.23,delay,2025-03-12 21:04:06
R000397,O202503120075,-12.29,item_issue,2025-03-12 13:07:29
R000398,O202503120013,-10.14,item_issue,2025-03-12 21:55:09
R000399,O202503120009,-15.94,item_issue,2025-03-12 15:42:23
R000400,O202503120072,-8.23,gesture,2025-03-12 15:54:04
R000401,O202503120085,-4.97,item_issue,2025-03-12 19:09:04
R000402,O202503120062,-9.14,gesture,2025-03-12 23:25:35
R000403,O202503120057,-9.78,coupon,2025-03-12 12:02:29
R000404,O202503120008,-8.78,item_issue,2025-03-12 23:32:00
R000405,O202503120037,-6.45,item_issue,2025-03-12 14:33:40
R000406,O202503120092,-6.75,coupon,2025-03-12 16:46:25
R000407,O202503120006,-16.49,coupon,2025-03-12 22:01:55
R000408,O202503120058,-13.71,item_issue,2025-03-12 16:24:19
R000409,O202503120034,-4.45,gesture,2025-03-12 08:51:11
R000410,O202503120027,-6.65,gesture,2025-03-12 08:17:32
R000411,O202503120021,-19.28,delay,2025-03-12 19:30:29
R000412,O202503120065,-14.54,delay,2025-03-12 19:20:26
R000413,O202503120048,-7.76,coupon,2025-03-12 17:01:50
R000414,O202503120059,-13.85,coupon,2025-03-12 13:19:40
R000415,O202503120006,-2.71,coupon,2025-03-12 21:36:36
R000416,O202503120035,-9.92,coupon,2025-03-12 22:47:47
R000417,O202503120044,-12.92,coupon,2025-03-12 18:16:10
R000418,O202503120090,-13.79,coupon,2025-03-12 15:20:03
R000419,O202503120027,-10.16,gesture,2025-03-12 15:30:40
R000420,O202503120021,-2.65,item_issue,2025-03-12 22:02:17
R000421,O202503120028,-2.0,gesture,2025-03-12 16:26:36
R000422,O202503120049,-6.44,delay,2025-03-12 16:38:21
R000423,O202503120022,-6.39,item_issue,2025-03-12 19:05:57
R000424,O202503120017,-14.22,delay,2025-03-12 11:46:52
R000425,O202503120030,-9.72,delay,2025-03-12 09:44:07
R000426,O202503120071,-1.77,gesture,2025-03-12 11:01:27
R000427,O202503120023,-13.02,coupon,2025-03-12 16:42:46
R000428,O202503130015,-4.84,delay,2025-03-13 08:17:19
R000429,O202503130077,-14.96,delay,2025-03-13 13:45:54
R000430,O202503130043,-5.57,delay,2025-03-13 16:35:02
R000431,O202503130026,-2.22,item_issue,2025-03-13 15:27:50
R000432,O202503130091,-18.49,coupon,2025-03-13 22:16:35
R000433,O202503130062,-15.42,item_issue,2025-03-13 14:33:14
R000434,O202503130006,-8.73,gesture,2025-03-13 15:52:57
R000435,O202503130057,-10.12,coupon,2025-03-13 12:20:00
R000436,O202503130014,-1.81,delay,2025-03-13 23:31:37
R000437,O202503130059,-4.31,item_issue,2025-03-13 22:17:58
R000438,O202503130066,-9.57,coupon,2025-03-13 17:45:08
R000439,O202503130008,-19.73,coupon,2025-03-13 08:09:07
R000440,O202503130049,-12.07,item_issue,2025-03-13 08:31:34
R000441,O202503130033,-8.97,delay,2025-03-13 18:53:09
R000442,O202503130027,-5.86,item_issue,2025-03-13 17:40:26
R000443,O202503130057,-15.68,item_issue,2025-03-13 09:41:47
R000444,O202503130038,-10.59,item_issue,2025-03-13 10:51:08
R000445,O202503130014,-8.13,coupon,2025-03-13 18:22:40
R000446,O202503130061,-16.28,gesture,2025-03-13 11:57:20
R000447,O202503130038,-17.39,delay,2025-03-13 08:05:21
R000448,O202503130099,-9.73,gesture,2025-03-13 21:27:54
R000449,O202503130070,-17.43,coupon,2025-03-13 23:24:49
R000450,O202503130005,-15.97,delay,2025-03-13 12:36:37
R000451,O202503130035,-5.05,gesture,2025-03-13 17:33:19
R000452,O202503130089,-12.59,item_issue,2025-03-13 22:31:11
R000453,O202503130047,-7.25,gesture,2025-03-13 11:25:50
R000454,O202503130096,-8.49,gesture,2025-03-13 16:53:16
R000455,O202503140089,-16.7,gesture,2025-03-14 17:29:08
R000456,O202503140061,-15.8,coupon,2025-03-14 22:40:43
R000457,O202503140018,-2.07,item_issue,2025-03-14 10:50:56
R000458,O202503140024,-6.92,item_issue,2025-03-14 12:07:14
R000459,O202503140062,-2.51,delay,2025-03-14 15:10:48
R000460,O202503140064,-11.99,item_issue,2025-03-14 13:10:01
R000461,O202503140003,-9.0,item_issue,2025-03-14 14:52:06
R000462,O202503140029,-16.92,gesture,2025-03-14 23:24:06
R000463,O202503140088,-6.04,delay,2025-03-14 22:52:34
R000464,O202503140074,-14.06,delay,2025-03-14 11:18:21
R000465,O202503140013,-15.81,delay,2025-03-14 22:31:20
R000466,O202503140002,-4.3,gesture,2025-03-14 17:48:48
R000467,O202503140071,-17.03,item_issue,2025-03-14 10:20:13
R000468,O202503140023,-18.05,gesture,2025-03-14 14:00:12
R000469,O202503140016,-18.61,coupon,2025-03-14 14:56:17
R000470,O202503140091,-7.89,delay,2025-03-14 22:01:38
R000471,O202503140013,-9.71,item_issue,2025-03-14 10:07:09
R000472,O202503140089,-7.53,item_issue,2025-03-14 09:12:58
R000473,O202503140039,-15.83,gesture,2025-03-14 15:32:47
R000474,O202503140003,-18.31,coupon,2025-03-14 16:48:16
R000475,O202503140091,-14.95,delay,2025-03-14 12:09:43
R000476,O202503140017,-18.02,item_issue,2025-03-14 08:13:32
R000477,O202503140030,-15.3,delay,2025-03-14 13:34:30
R000478,O202503140029,-1.57,coupon,2025-03-14 14:44:36
R000479,O202503140054,-1.34,delay,2025-03-14 15:06:32
R000480,O202503140030,-16.78,gesture,2025-03-14 21:07:23
R000481,O202503140065,-5.27,gesture,2025-03-14 09:19:29
R000482,O202503140027,-12.05,item_issue,2025-03-14 08:46:59
R000483,O202503140025,-1.32,item_issue,2025-03-14 12:13:36
R000484,O202503140095,-10.38,coupon,2025-03-14 22:00:17
R000485,O202503140034,-5.38,delay,2025-03-14 21:49:22
R000486,O202503140025,-14.51,delay,2025-03-14 16:29:30
R000487,O202503140014,-9.46,gesture,2025-03-14 21:42:19
R000488,O202503140017,-17.07,gesture,2025-03-14 23:26:47
R000489,O202503140073,-17.05,delay,2025-03-14 11:18:59
R000490,O202503140074,-15.18,coupon,2025-03-14 14:27:08
R000491,O202503140002,-3.85,gesture,2025-03-14 21:48:42
R000492,O202503140019,-14.99,coupon,2025-03-14 08:42:16
R000493,O202503140032,-2.89,item_issue,2025-03-14 20:30:16
R000494,O202503140054,-18.67,gesture,2025-03-14 09:33:35
R000495,O202503140023,-14.0,coupon,2025-03-14 21:46:56
R000496,O202503140094,-12.37,coupon,2025-03-14 17:07:38
R000497,O202503140041,-5.92,gesture,2025-03-14 19:35:03
R000498,O202503140073,-16.01,delay,2025-03-14 22:19:51
R000499,O202503140023,-17.09,gesture,2025-03-14 19:35:34
R000500,O202503150079,-7.47,item_issue,2025-03-15 19:36:59
R000501,O202503150074,-7.27,coupon,2025-03-15 10:12:56
R000502,O202503150062,-12.56,delay,2025-03-15 15:30:00
R000503,O202503150040,-16.65,gesture,2025-03-15 18:15:44
R000504,O202503150076,-17.69,item_issue,2025-03-15 22:46:17
R000505,O202503150038,-9.37,gesture,2025-03-15 16:39:11
R000506,O202503150053,-19.75,delay,2025-03-15 08:55:47
R000507,O202503150059,-16.88,delay,2025-03-15 09:58:08
R000508,O202503150066,-15.52,coupon,2025-03-15 08:56:41
R000509,O202503150010,-10.43,delay,2025-03-15 20:17:15
R000510,O202503150090,-8.44,item_issue,2025-03-15 17:51:49
R000511,O202503150088,-19.42,item_issue,2025-03-15 20:50:18
R000512,O202503150059,-17.14,item_issue,2025-03-15 19:38:02
R000513,O202503150086,-14.0,item_issue,2025-03-15 20:47:45
R000514,O202503150017,-3.06,delay,2025-03-15 18:28:12
R000515,O202503150099,-8.78,delay,2025-03-15 08:16:18
R000516,O202503150054,-10.5,delay,2025-03-15 16:36:54
R000517,O202503150038,-6.35,coupon,2025-03-15 12:07:04
R000518,O202503150022,-14.03,delay,2025-03-15 15:27:07
R000519,O202503150043,-5.49,item_issue,2025-03-15 16:25:44
R000520,O202503150028,-2.93,coupon,2025-03-15 09:32:01
R000521,O202503150055,-12.96,coupon,2025-03-15 08:44:25
R000522,O202503150078,-8.59,item_issue,2025-03-15 23:03:27
R000523,O202503150055,-8.69,item_issue,2025-03-15 11:10:16
R000524,O202503150082,-12.16,delay,2025-03-15 15:58:37
R000525,O202503150057,-2.14,delay,2025-03-15 17:27:44
R000526,O202503150091,-5.98,gesture,2025-03-15 12:24:42
R000527,O202503150067,-14.35,coupon,2025-03-15 20:09:00
R000528,O202503150042,-19.1,coupon,2025-03-15 18:57:59
R000529,O202503150032,-3.05,delay,2025-03-15 13:33:26
R000530,O202503150057,-6.02,delay,2025-03-15 15:17:37
R000531,O202503150044,-8.83,gesture,2025-03-15 08:15:54
R000532,O202503150090,-6.71,gesture,2025-03-15 23:35:27
R000533,O202503150059,-10.92,delay,2025-03-15 13:05:40
R000534,O202503150016,-6.68,coupon,2025-03-15 20:56:26
R000535,O202503150001,-10.9,gesture,2025-03-15 22:59:11
R000536,O202503150023,-19.55,gesture,2025-03-15 23:47:06
R000537,O202503150040,-10.3,delay,2025-03-15 11:18:22
R000538,O202503150018,-2.85,gesture,2025-03-15 16:33:14
R000539,O202503150072,-8.36,gesture,2025-03-15 23:18:04
R000540,O202503150098,-18.13,delay,2025-03-15 22:48:50
R000541,O202503150044,-17.24,gesture,2025-03-15 21:00:23
R000542,O202503150037,-17.4,gesture,2025-03-15 12:21:00
R000543,O202503150064,-13.4,delay,2025-03-15 13:02:31
R000544,O202503150069,-7.95,delay,2025-03-15 17:25:55
R000545,O202503150042,-8.05,item_issue,2025-03-15 18:12:40
R000546,O202503150035,-16.27,item_issue,2025-03-15 12:48:31
R000547,O202503150058,-18.74,delay,2025-03-15 18:32:31
R000548,O202503160007,-3.5,item_issue,2025-03-16 19:34:46
R000549,O202503160011,-17.88,coupon,2025-03-16 19:23:16
R000550,O202503160032,-9.43,coupon,2025-03-16 19:36:59
R000551,O202503160028,-9.18,item_issue,2025-03-16 22:40:14
R000552,O202503160015,-19.95,coupon,2025-03-16 18:30:39
R000553,O202503160074,-8.09,delay,2025-03-16 11:00:20
R000554,O202503160013,-4.99,item_issue,2025-03-16 18:46:52
R000555,O202503160088,-4.48,item_issue,2025-03-16 10:44:10
R000556,O202503160076,-15.83,coupon,2025-03-16 18:24:09
R000557,O202503160075,-2.61,delay,2025-03-16 15:26:42
R000558,O202503160059,-4.96,gesture,2025-03-16 16:19:08
R000559,O202503160027,-1.09,gesture,2025-03-16 19:26:10
R000560,O202503160100,-11.18,gesture,2025-03-16 15:13:21
R000561,O202503160004,-10.06,delay,2025-03-16 14:23:23
R000562,O202503160038,-3.45,gesture,2025-03-16 13:51:17
R000563,O202503160096,-6.88,item_issue,2025-03-16 12:46:11
R000564,O202503160032,-8.57,delay,2025-03-16 11:47:23
R000565,O202503160029,-14.8,item_issue,2025-03-16 15:08:56
R000566,O202503160057,-15.33,item_issue,2025-03-16 13:49:08
R000567,O202503160085,-9.38,gesture,2025-03-16 20:27:36
R000568,O202503160012,-14.92,item_issue,2025-03-16 10:10:22
R000569,O202503160047,-10.19,delay,2025-03-16 08:00:30
R000570,O202503160057,-3.83,coupon,2025-03-16 13:50:03
R000571,O202503160037,-16.79,item_issue,2025-03-16 20:56:01
R000572,O202503160030,-1.93,gesture,2025-03-16 09:20:47
R000573,O202503160077,-11.57,coupon,2025-03-16 14:40:29
R000574,O202503160048,-1.78,item_issue,2025-03-16 12:03:15
R000575,O202503160077,-16.57,item_issue,2025-03-16 08:47:40
R000576,O202503160008,-18.6,gesture,2025-03-16 20:43:56
R000577,O202503160072,-4.91,gesture,2025-03-16 19:14:45
R000578,O202503170003,-17.98,delay,2025-03-17 14:58:18
R000579,O202503170022,-9.91,coupon,2025-03-17 22:48:01
R000580,O202503170017,-3.14,gesture,2025-03-17 12:38:29
R000581,O202503170067,-5.98,coupon,2025-03-17 23:55:49
R000582,O202503170086,-17.03,coupon,2025-03-17 10:09:34
R000583,O202503170060,-5.79,item_issue,2025-03-17 09:15:52
R000584,O202503170057,-18.35,gesture,2025-03-17 19:28:11
R000585,O202503170085,-7.13,item_issue,2025-03-17 10:20:23
R000586,O202503170050,-14.41,coupon,2025-03-17 12:06:55
R000587,O202503170077,-10.59,coupon,2025-03-17 23:10:59
R000588,O202503170070,-16.75,coupon,2025-03-17 14:23:33
R000589,O202503170079,-7.06,delay,2025-03-17 10:04:37
R000590,O202503170015,-13.99,item_issue,2025-03-17 18:24:42
R000591,O202503170056,-10.7,gesture,2025-03-17 19:53:34
R000592,O202503170068,-3.22,gesture,2025-03-17 11:48:42
R000593,O202503170004,-4.97,delay,2025-03-17 11:56:44
R000594,O202503170080,-3.36,coupon,2025-03-17 19:59:30
R000595,O202503170055,-17.48,delay,2025-03-17 15:15:19
R000596,O202503170003,-2.93,coupon,2025-03-17 18:47:40
R000597,O202503170080,-11.9,gesture,2025-03-17 16:27:11
R000598,O202503170020,-8.29,delay,2025-03-17 19:12:03
R000599,O202503170072,-15.48,coupon,2025-03-17 23:33:49
R000600,O202503170013,-11.68,coupon,2025-03-17 18:41:12
R000601,O202503170009,-7.43,delay,2025-03-17 15:48:06
R000602,O202503170094,-5.8,item_issue,2025-03-17 18:00:11
R000603,O202503170084,-10.57,gesture,2025-03-17 23:44:44
R000604,O202503170001,-6.55,gesture,2025-03-17 21:39:27
R000605,O202503170029,-17.49,coupon,2025-03-17 18:46:09
R000606,O202503170056,-14.06,delay,2025-03-17 23:18:39
R000607,O202503170087,-12.75,gesture,2025-03-17 20:09:11
R000608,O202503170091,-5.77,item_issue,2025-03-17 13:03:39
R000609,O202503170067,-17.41,gesture,2025-03-17 16:09:21
R000610,O202503170007,-7.72,delay,2025-03-17 14:54:37
R000611,O202503170017,-9.52,delay,2025-03-17 15:44:33
R000612,O202503170092,-4.91,coupon,2025-03-17 23:23:11
R000613,O202503170080,-17.55,coupon,2025-03-17 16:05:29
R000614,O202503170006,-6.81,gesture,2025-03-17 12:07:25
R000615,O202503170043,-13.74,coupon,2025-03-17 17:10:29
R000616,O202503170009,-13.43,delay,2025-03-17 21:02:45
R000617,O202503170034,-18.77,gesture,2025-03-17 12:13:55
R000618,O202503170035,-12.11,item_issue,2025-03-17 23:12:27
R000619,O202503170031,-8.65,coupon,2025-03-17 10:15:37
R000620,O202503170074,-11.91,gesture,2025-03-17 12:35:56
R000621,O202503170020,-12.03,delay,2025-03-17 13:22:24
R000622,O202503170080,-12.81,delay,2025-03-17 17:39:03
R000623,O202503180028,-4.53,delay,2025-03-18 22:00:56
R000624,O202503180047,-5.33,item_issue,2025-03-18 18:24:48
R000625,O202503180075,-4.34,coupon,2025-03-18 16:54:12
R000626,O202503180010,-5.03,coupon,2025-03-18 23:02:22
R000627,O202503180008,-17.11,delay,2025-03-18 08:33:49
R000628,O202503180083,-4.49,item_issue,2025-03-18 15:48:54
R000629,O202503180010,-14.67,gesture,2025-03-18 09:05:52
R000630,O202503180035,-17.54,coupon,2025-03-18 23:38:01
R000631,O202503180027,-5.27,gesture,2025-03-18 10:58:24
R000632,O202503180083,-11.5,delay,2025-03-18 12:39:31
R000633,O202503180062,-11.44,coupon,2025-03-18 14:48:52
R000634,O202503180066,-1.91,item_issue,2025-03-18 19:06:00
R000635,O202503180052,-19.43,delay,2025-03-18 09:41:52
R000636,O202503180009,-17.19,item_issue,2025-03-18 16:54:48
R000637,O202503180016,-15.23,item_issue,2025-03-18 20:32:52
R000638,O202503180039,-5.74,gesture,2025-03-18 12:57:45
R000639,O202503180040,-19.15,delay,2025-03-18 09:15:36
R000640,O202503180057,-16.92,delay,2025-03-18 15:45:54
R000641,O202503180096,-12.31,coupon,2025-03-18 09:43:41
R000642,O202503180077,-16.54,delay,2025-03-18 22:16:56
R000643,O202503180081,-9.54,item_issue,2025-03-18 21:07:43
R000644,O202503180007,-6.82,delay,2025-03-18 12:32:02
R000645,O202503180017,-15.0,delay,2025-03-18 13:58:17
R000646,O202503190010,-4.78,delay,2025-03-19 17:52:32
R000647,O202503190067,-14.2,delay,2025-03-19 11:08:56
R000648,O202503190053,-1.78,gesture,2025-03-19 10:07:36
R000649,O202503190009,-5.42,delay,2025-03-19 16:11:10
R000650,O202503190054,-19.11,item_issue,2025-03-19 20:50:42
R000651,O202503190043,-5.49,delay,2025-03-19 09:04:32
R000652,O202503190040,-4.12,item_issue,2025-03-19 22:49:46
R000653,O202503190053,-3.76,gesture,2025-03-19 10:51:36
R000654,O202503190093,-16.85,coupon,2025-03-19 19:03:52
R000655,O202503190026,-19.55,delay,2025-03-19 21:21:02
R000656,O202503190014,-1.59,delay,2025-03-19 23:37:00
R000657,O202503190095,-19.09,coupon,2025-03-19 20:25:25
R000658,O202503190088,-9.82,coupon,2025-03-19 10:21:04
R000659,O202503190076,-17.47,gesture,2025-03-19 23:06:05
R000660,O202503190084,-18.29,item_issue,2025-03-19 17:16:53
R000661,O202503190095,-6.94,coupon,2025-03-19 14:08:47
R000662,O202503190027,-12.8,item_issue,2025-03-19 18:15:41
R000663,O202503190072,-7.92,coupon,2025-03-19 17:02:52
R000664,O202503190081,-12.66,item_issue,2025-03-19 08:05:38
R000665,O202503190023,-2.18,delay,2025-03-19 11:26:25
R000666,O202503190022,-9.02,gesture,2025-03-19 19:46:48
R000667,O202503190056,-4.66,gesture,2025-03-19 12:44:47
R000668,O202503190018,-17.51,item_issue,2025-03-19 12:48:08
R000669,O202503190041,-17.96,item_issue,2025-03-19 13:15:55
R000670,O202503190092,-12.4,item_issue,2025-03-19 23:22:48
R000671,O202503190016,-5.99,item_issue,2025-03-19 10:22:18
R000672,O202503190050,-9.14,coupon,2025-03-19 14:34:06
R000673,O202503190001,-7.06,delay,2025-03-19 14:29:43
R000674,O202503190076,-5.95,delay,2025-03-19 21:59:42
R000675,O202503190094,-6.28,item_issue,2025-03-19 22:44:04
R000676,O202503190060,-3.23,coupon,2025-03-19 21:11:37
R000677,O202503190002,-15.96,delay,2025-03-19 18:39:54
R000678,O202503190011,-7.49,gesture,2025-03-19 17:46:44
R000679,O202503190001,-1.77,delay,2025-03-19 08:49:14
R000680,O202503190057,-8.5,gesture,2025-03-19 17:43:30
R000681,O202503190031,-6.41,item_issue,2025-03-19 10:39:12
R000682,O202503190060,-17.09,coupon,2025-03-19 17:37:16
R000683,O202503190100,-18.45,item_issue,2025-03-19 08:56:29
R000684,O202503190044,-15.44,delay,2025-03-19 14:09:31
R000685,O202503190004,-10.12,item_issue,2025-03-19 15:35:54
R000686,O202503190002,-19.65,item_issue,2025-03-19 13:24:37
R000687,O202503190032,-1.29,item_issue,2025-03-19 18:42:43
R000688,O202503190067,-6.89,coupon,2025-03-19 23:50:57
R000689,O202503190041,-9.85,delay,2025-03-19 17:29:10
R000690,O202503190056,-4.38,gesture,2025-03-19 20:25:20
R000691,O202503190023,-14.8,delay,2025-03-19 20:32:32
R000692,O202503190012,-2.56,delay,2025-03-19 20:52:42
R000693,O202503190058,-2.45,delay,2025-03-19 15:29:55
R000694,O202503200072,-15.24,coupon,2025-03-20 12:10:47
R000695,O202503200075,-15.84,item_issue,2025-03-20 18:53:33
R000696,O202503200042,-18.36,coupon,2025-03-20 21:28:34
R000697,O202503200096,-3.7,coupon,2025-03-20 10:31:50
R000698,O202503200034,-19.41,gesture,2025-03-20 08:29:43
R000699,O202503200089,-15.28,item_issue,2025-03-20 15:45:45
R000700,O202503200041,-3.06,delay,2025-03-20 18:48:45
R000701,O202503200063,-5.0,gesture,2025-03-20 15:55:28
R000702,O202503200058,-19.31,delay,2025-03-20 16:20:14
R000703,O202503200068,-7.42,delay,2025-03-20 23:20:35
R000704,O202503200076,-14.36,delay,2025-03-20 22:44:51
R000705,O202503200058,-9.42,gesture,2025-03-20 13:24:05
R000706,O202503200069,-12.0,delay,2025-03-20 11:09:43
R000707,O202503200031,-9.2,item_issue,2025-03-20 19:01:38
R000708,O202503200028,-9.53,coupon,2025-03-20 08:48:44
R000709,O202503200057,-1.2,delay,2025-03-20 09:09:49
R000710,O202503200047,-9.08,item_issue,2025-03-20 12:50:32
R000711,O202503200075,-19.23,item_issue,2025-03-20 19:03:42
R000712,O202503200025,-13.67,delay,2025-03-20 14:20:11
R000713,O202503200094,-15.54,item_issue,2025-03-20 14:09:02
R000714,O202503200062,-15.62,item_issue,2025-03-20 11:17:43
R000715,O202503200023,-10.68,item_issue,2025-03-20 08:03:19
R000716,O202503200100,-5.93,delay,2025-03-20 18:35:32
R000717,O202503200087,-6.41,item_issue,2025-03-20 12:44:31
R000718,O202503210080,-17.86,coupon,2025-03-21 12:18:53
R000719,O202503210023,-4.06,gesture,2025-03-21 21:02:35
R000720,O202503210064,-18.05,coupon,2025-03-21 19:19:16
R000721,O202503210046,-15.09,delay,2025-03-21 08:24:44
R000722,O202503210056,-10.98,item_issue,2025-03-21 17:52:34
R000723,O202503210036,-3.17,coupon,2025-03-21 18:50:57
R000724,O202503210090,-12.73,item_issue,2025-03-21 21:43:04
R000725,O202503210002,-13.76,coupon,2025-03-21 23:49:56
R000726,O202503210040,-16.56,gesture,2025-03-21 20:21:28
R000727,O202503210058,-7.87,coupon,2025-03-21 20:06:55
R000728,O202503210058,-2.77,gesture,2025-03-21 14:45:36
R000729,O202503210001,-19.36,item_issue,2025-03-21 22:55:41
R000730,O202503210098,-11.09,coupon,2025-03-21 20:27:20
R000731,O202503210026,-19.61,coupon,2025-03-21 14:49:01
R000732,O202503210065,-12.57,coupon,2025-03-21 16:55:28
R000733,O202503210024,-2.12,coupon,2025-03-21 17:40:42
R000734,O202503210048,-12.68,delay,2025-03-21 09:07:55
R000735,O202503210009,-2.65,coupon,2025-03-21 09:32:03
R000736,O202503210056,-10.62,coupon,2025-03-21 18:47:06
R000737,O202503210073,-19.48,item_issue,2025-03-21 22:13:07
R000738,O202503220009,-15.51,coupon,2025-03-22 09:17:11
R000739,O202503220031,-14.65,gesture,2025-03-22 09:49:01
R000740,O202503220078,-4.15,gesture,2025-03-22 23:41:14
R000741,O202503220092,-4.84,gesture,2025-03-22 17:45:58
R000742,O202503220014,-7.17,item_issue,2025-03-22 11:32:50
R000743,O202503220019,-5.15,gesture,2025-03-22 17:37:25
R000744,O202503220011,-15.34,gesture,2025-03-22 21:10:40
R000745,O202503220079,-8.2,delay,2025-03-22 19:15:19
R000746,O202503220046,-14.28,coupon,2025-03-22 14:58:16
R000747,O202503220056,-19.3,delay,2025-03-22 19:37:18
R000748,O202503220026,-18.52,coupon,2025-03-22 20:40:29
R000749,O202503220090,-17.65,item_issue,2025-03-22 21:29:33
R000750,O202503220079,-7.55,item_issue,2025-03-22 14:00:51
R000751,O202503220068,-9.42,delay,2025-03-22 22:25:33
R000752,O202503220026,-15.34,gesture,2025-03-22 21:33:13
R000753,O202503220099,-14.18,coupon,2025-03-22 14:26:34
R000754,O202503220002,-5.24,delay,2025-03-22 17:52:21
R000755,O202503220075,-12.48,gesture,2025-03-22 20:16:19
R000756,O202503220011,-10.06,delay,2025-03-22 14:02:10
R000757,O202503220096,-13.18,coupon,2025-03-22 11:45:30
R000758,O202503220079,-18.26,gesture,2025-03-22 08:32:31
R000759,O202503220011,-16.42,coupon,2025-03-22 09:52:57
R000760,O202503220058,-16.36,gesture,2025-03-22 08:34:30
R000761,O202503230026,-17.63,coupon,2025-03-23 23:29:30
R000762,O202503230062,-12.4,coupon,2025-03-23 16:09:35
R000763,O202503230001,-14.29,coupon,2025-03-23 14:53:55
R000764,O202503230058,-8.57,delay,2025-03-23 16:01:31
R000765,O202503230089,-13.03,gesture,2025-03-23 19:24:52
R000766,O202503230052,-8.88,coupon,2025-03-23 14:26:23
R000767,O202503230005,-15.06,gesture,2025-03-23 15:06:57
R000768,O202503230063,-14.24,coupon,2025-03-23 19:35:24
R000769,O202503230051,-18.73,gesture,2025-03-23 09:12:45
R000770,O202503230021,-5.08,delay,2025-03-23 19:42:06
R000771,O202503230008,-17.74,gesture,2025-03-23 22:07:17
R000772,O202503230028,-6.93,coupon,2025-03-23 18:17:01
R000773,O202503230034,-17.04,gesture,2025-03-23 17:41:54
R000774,O202503230008,-5.51,item_issue,2025-03-23 08:47:01
R000775,O202503230009,-19.06,coupon,2025-03-23 09:57:26
R000776,O202503230058,-5.44,coupon,2025-03-23 14:33:57
R000777,O202503230016,-9.8,item_issue,2025-03-23 14:21:02
R000778,O202503230017,-14.12,item_issue,2025-03-23 23:36:18
R000779,O202503230042,-12.84,gesture,2025-03-23 10:49:38
R000780,O202503230075,-4.63,item_issue,2025-03-23 13:38:19
R000781,O202503230067,-3.24,gesture,2025-03-23 14:00:54
R000782,O202503230040,-19.44,gesture,2025-03-23 15:11:44
R000783,O202503230034,-18.11,delay,2025-03-23 21:05:37
R000784,O202503230082,-10.05,item_issue,2025-03-23 08:37:07
R000785,O202503230061,-7.15,item_issue,2025-03-23 15:12:04
R000786,O202503230039,-9.15,coupon,2025-03-23 17:09:44
R000787,O202503230034,-7.9,item_issue,2025-03-23 10:30:08
R000788,O202503230017,-14.71,gesture,2025-03-23 11:11:29
R000789,O202503230051,-15.06,coupon,2025-03-23 21:44:49
R000790,O202503230086,-17.82,gesture,2025-03-23 21:00:20
R000791,O202503230029,-9.24,gesture,2025-03-23 17:54:58
R000792,O202503230030,-15.06,coupon,2025-03-23 18:02:51
R000793,O202503230048,-3.42,item_issue,2025-03-23 15:39:09
R000794,O202503230013,-16.15,gesture,2025-03-23 19:28:50
R000795,O202503230090,-14.42,delay,2025-03-23 15:53:51
R000796,O202503230076,-3.08,coupon,2025-03-23 23:00:05
R000797,O202503230050,-16.17,coupon,2025-03-23 09:38:00
R000798,O202503230067,-4.43,coupon,2025-03-23 08:56:19
R000799,O202503230022,-9.9,gesture,2025-03-23 11:25:28
R000800,O202503230020,-9.62,item_issue,2025-03-23 09:04:22
R000801,O202503230087,-9.33,item_issue,2025-03-23 19:25:12
R000802,O202503230098,-14.2,item_issue,2025-03-23 10:16:37
R000803,O202503230041,-17.52,gesture,2025-03-23 11:11:02
R000804,O202503230040,-18.66,item_issue,2025-03-23 17:42:49
R000805,O202503230057,-15.18,coupon,2025-03-23 10:38:48
R000806,O202503230069,-12.39,coupon,2025-03-23 12:04:05
R000807,O202503230088,-1.0,coupon,2025-03-23 19:19:41
R000808,O202503230061,-16.44,coupon,2025-03-23 16:40:44
R000809,O202503240022,-17.52,delay,2025-03-24 12:11:57
R000810,O202503240072,-15.75,gesture,2025-03-24 21:17:49
R000811,O202503240058,-16.31,item_issue,2025-03-24 10:50:13
R000812,O202503240057,-1.58,item_issue,2025-03-24 12:41:42
R000813,O202503240100,-17.75,delay,2025-03-24 13:40:06
R000814,O202503240097,-13.22,delay,2025-03-24 13:54:50
R000815,O202503240026,-16.16,delay,2025-03-24 11:32:36
R000816,O202503240019,-12.73,coupon,2025-03-24 21:10:42
R000817,O202503240007,-6.85,delay,2025-03-24 21:49:00
R000818,O202503240098,-13.5,delay,2025-03-24 10:45:30
R000819,O202503240094,-1.43,gesture,2025-03-24 23:01:41
R000820,O202503240053,-14.99,delay,2025-03-24 16:19:32
R000821,O202503240083,-17.87,coupon,2025-03-24 08:08:40
R000822,O202503240068,-8.58,gesture,2025-03-24 21:52:25
R000823,O202503240054,-11.41,delay,2025-03-24 21:52:22
R000824,O202503240093,-16.87,item_issue,2025-03-24 20:01:00
R000825,O202503240063,-2.7,delay,2025-03-24 11:38:51
R000826,O202503240061,-6.28,gesture,2025-03-24 16:22:11
R000827,O202503240099,-5.3,gesture,2025-03-24 15:55:21
R000828,O202503240028,-18.98,delay,2025-03-24 15:20:13
R000829,O202503240007,-11.87,coupon,2025-03-24 13:53:52
R000830,O202503240012,-19.44,delay,2025-03-24 15:07:46
R000831,O202503240098,-6.15,delay,2025-03-24 13:40:31
R000832,O202503240015,-1.33,item_issue,2025-03-24 23:33:08
R000833,O202503240013,-19.51,coupon,2025-03-24 08:37:29
R000834,O202503240008,-11.38,item_issue,2025-03-24 21:40:03
R000835,O202503240009,-12.94,gesture,2025-03-24 22:45:31
R000836,O202503240018,-2.08,gesture,2025-03-24 17:42:48
R000837,O202503240093,-7.34,item_issue,2025-03-24 10:31:33
R000838,O202503240025,-18.17,delay,2025-03-24 23:28:40
R000839,O202503240055,-7.3,item_issue,2025-03-24 08:25:54
R000840,O202503240075,-13.57,delay,2025-03-24 19:39:38
R000841,O202503240024,-5.82,delay,2025-03-24 09:15:05
R000842,O202503250097,-2.14,coupon,2025-03-25 20:45:05
R000843,O202503250020,-4.23,delay,2025-03-25 20:15:39
R000844,O202503250068,-5.07,item_issue,2025-03-25 15:02:43
R000845,O202503250025,-5.64,delay,2025-03-25 10:32:05
R000846,O202503250034,-12.09,gesture,2025-03-25 22:10:34
R000847,O202503250005,-17.7,delay,2025-03-25 21:51:47
R000848,O202503250078,-7.28,coupon,2025-03-25 09:02:48
R000849,O202503250055,-10.63,coupon,2025-03-25 18:42:15
R000850,O202503250017,-2.49,delay,2025-03-25 18:54:51
R000851,O202503250099,-8.92,coupon,2025-03-25 17:27:24
R000852,O202503250095,-14.25,delay,2025-03-25 11:33:52
R000853,O202503250001,-10.11,delay,2025-03-25 11:13:32
R000854,O202503250087,-19.06,coupon,2025-03-25 14:15:19
R000855,O202503250093,-10.12,delay,2025-03-25 10:51:21
R000856,O202503250045,-15.35,item_issue,2025-03-25 12:45:15
R000857,O202503250008,-15.12,delay,2025-03-25 15:33:57
R000858,O202503250016,-2.15,gesture,2025-03-25 16:32:39
R000859,O202503250003,-4.06,gesture,2025-03-25 09:37:50
R000860,O202503250075,-10.9,gesture,2025-03-25 11:50:20
R000861,O202503250063,-15.64,coupon,2025-03-25 11:57:48
R000862,O202503250011,-2.75,item_issue,2025-03-25 13:55:56
R000863,O202503250006,-13.95,coupon,2025-03-25 15:28:00
R000864,O202503250025,-15.41,coupon,2025-03-25 09:45:45
R000865,O202503250066,-12.26,item_issue,2025-03-25 18:20:27
R000866,O202503250080,-16.68,item_issue,2025-03-25 21:28:28
R000867,O202503250008,-2.59,delay,2025-03-25 20:09:47
R000868,O202503250009,-6.77,coupon,2025-03-25 13:57:00
R000869,O202503250073,-8.17,gesture,2025-03-25 19:54:38
R000870,O202503250094,-2.63,coupon,2025-03-25 08:54:16
R000871,O202503250077,-13.81,item_issue,2025-03-25 16:14:24
R000872,O202503250001,-15.11,item_issue,2025-03-25 16:48:05
R000873,O202503250065,-11.56,gesture,2025-03-25 15:57:49
R000874,O202503250016,-5.9,item_issue,2025-03-25 09:02:00
R000875,O202503250016,-13.56,item_issue,2025-03-25 11:11:52
R000876,O202503250085,-14.63,gesture,2025-03-25 15:14:02
R000877,O202503250039,-19.99,coupon,2025-03-25 15:25:07
R000878,O202503260072,-9.1,coupon,2025-03-26 15:43:00
R000879,O202503260096,-9.43,delay,2025-03-26 16:50:13
R000880,O202503260042,-6.01,item_issue,2025-03-26 17:37:54
R000881,O202503260049,-19.13,delay,2025-03-26 18:09:45
R000882,O202503260001,-9.85,coupon,2025-03-26 15:06:20
R000883,O202503260003,-4.06,coupon,2025-03-26 21:20:33
R000884,O202503260002,-4.84,delay,2025-03-26 16:13:44
R000885,O202503260039,-18.02,item_issue,2025-03-26 19:23:20
R000886,O202503260091,-13.46,item_issue,2025-03-26 21:33:42
R000887,O202503260042,-11.21,coupon,2025-03-26 12:27:29
R000888,O202503260097,-5.09,gesture,2025-03-26 08:09:06
R000889,O202503260002,-18.32,item_issue,2025-03-26 18:00:14
R000890,O202503260038,-6.23,gesture,2025-03-26 11:26:35
R000891,O202503260013,-7.57,coupon,2025-03-26 17:06:13
R000892,O202503260060,-2.43,item_issue,2025-03-26 12:07:00
R000893,O202503260056,-10.26,coupon,2025-03-26 18:14:30
R000894,O202503260090,-14.6,delay,2025-03-26 11:13:35
R000895,O202503260085,-10.91,delay,2025-03-26 10:40:48
R000896,O202503260019,-7.06,coupon,2025-03-26 19:35:15
R000897,O202503260044,-14.7,gesture,2025-03-26 15:26:12
R000898,O202503260060,-17.56,coupon,2025-03-26 09:56:51
R000899,O202503260051,-15.3,coupon,2025-03-26 08:53:40
R000900,O202503260040,-7.12,coupon,2025-03-26 21:09:16
R000901,O202503260006,-18.48,delay,2025-03-26 20:44:18
R000902,O202503260035,-5.46,item_issue,2025-03-26 09:58:40
R000903,O202503260088,-10.35,coupon,2025-03-26 19:19:07
R000904,O202503260062,-3.02,coupon,2025-03-26 10:39:52
R000905,O202503260062,-1.91,coupon,2025-03-26 10:41:05
R000906,O202503260058,-1.04,coupon,2025-03-26 09:49:35
R000907,O202503270032,-2.84,item_issue,2025-03-27 23:41:57
R000908,O202503270080,-7.17,delay,2025-03-27 09:36:53
R000909,O202503270001,-11.25,coupon,2025-03-27 12:50:11
R000910,O202503270061,-13.87,gesture,2025-03-27 10:04:32
R000911,O202503270083,-1.47,delay,2025-03-27 21:18:35
R000912,O202503270015,-3.57,item_issue,2025-03-27 10:37:30
R000913,O202503270027,-3.21,delay,2025-03-27 09:32:43
R000914,O202503270082,-3.75,item_issue,2025-03-27 19:42:00
R000915,O202503270069,-10.97,item_issue,2025-03-27 12:16:54
R000916,O202503270046,-4.78,gesture,2025-03-27 11:57:07
R000917,O202503270096,-10.91,coupon,2025-03-27 16:04:55
R000918,O202503270030,-5.27,coupon,2025-03-27 08:13:20
R000919,O202503270008,-18.65,item_issue,2025-03-27 19:58:13
R000920,O202503270092,-1.23,coupon,2025-03-27 11:53:49
R000921,O202503270072,-1.94,item_issue,2025-03-27 11:58:39
R000922,O202503270054,-16.85,delay,2025-03-27 16:17:05
R000923,O202503270050,-7.78,delay,2025-03-27 15:14:38
R000924,O202503270091,-19.26,gesture,2025-03-27 17:11:33
R000925,O202503270039,-7.48,item_issue,2025-03-27 22:12:45
R000926,O202503270012,-12.18,gesture,2025-03-27 23:38:25
R000927,O202503270008,-8.63,delay,2025-03-27 09:58:58
R000928,O202503270084,-7.84,item_issue,2025-03-27 13:14:38
R000929,O202503270004,-18.5,gesture,2025-03-27 11:19:41
R000930,O202503270041,-18.41,gesture,2025-03-27 11:26:50
R000931,O202503270085,-16.81,delay,2025-03-27 10:52:42
R000932,O202503270061,-19.25,coupon,2025-03-27 22:50:35
R000933,O202503270069,-10.18,gesture,2025-03-27 08:55:57
R000934,O202503270091,-5.16,coupon,2025-03-27 12:49:03
R000935,O202503270091,-12.93,delay,2025-03-27 10:29:29
R000936,O202503270040,-12.64,item_issue,2025-03-27 17:34:08
R000937,O202503270002,-1.46,item_issue,2025-03-27 11:04:33
R000938,O202503270051,-15.81,item_issue,2025-03-27 15:21:12
R000939,O202503270062,-5.06,coupon,2025-03-27 22:54:23
R000940,O202503270027,-2.44,coupon,2025-03-27 18:46:34
R000941,O202503270052,-17.31,gesture,2025-03-27 15:34:57
R000942,O202503270071,-15.47,coupon,2025-03-27 21:27:57
R000943,O202503270046,-19.89,gesture,2025-03-27 11:20:20
R000944,O202503270036,-14.46,coupon,2025-03-27 19:14:17
R000945,O202503270044,-6.33,coupon,2025-03-27 15:59:11
R000946,O202503270090,-13.7,coupon,2025-03-27 21:31:33
R000947,O202503270025,-10.07,delay,2025-03-27 10:23:47
R000948,O202503270035,-12.71,coupon,2025-03-27 11:28:04
R000949,O202503270055,-17.86,coupon,2025-03-27 16:49:17
R000950,O202503270098,-3.53,coupon,2025-03-27 22:42:38
R000951,O202503270100,-7.45,item_issue,2025-03-27 08:11:08
R000952,O202503270058,-10.1,item_issue,2025-03-27 18:49:31
R000953,O202503280018,-7.54,coupon,2025-03-28 13:59:45
R000954,O202503280009,-2.26,item_issue,2025-03-28 08:28:12
R000955,O202503280038,-12.01,coupon,2025-03-28 14:26:04
R000956,O202503280048,-18.44,gesture,2025-03-28 19:23:35
R000957,O202503280028,-16.25,item_issue,2025-03-28 09:10:41
R000958,O202503280028,-4.68,gesture,2025-03-28 08:18:16
R000959,O202503280094,-19.17,gesture,2025-03-28 10:21:55
R000960,O202503280005,-3.99,gesture,2025-03-28 17:22:27
R000961,O202503280089,-3.17,coupon,2025-03-28 11:17:53
R000962,O202503280015,-5.85,delay,2025-03-28 21:14:17
R000963,O202503280056,-2.79,coupon,2025-03-28 09:54:32
R000964,O202503280077,-19.36,coupon,2025-03-28 11:38:25
R000965,O202503280073,-11.64,item_issue,2025-03-28 12:34:54
R000966,O202503280006,-13.51,gesture,2025-03-28 22:55:53
R000967,O202503280096,-16.33,gesture,2025-03-28 18:32:28
R000968,O202503280008,-5.37,item_issue,2025-03-28 23:01:28
R000969,O202503280047,-18.56,item_issue,2025-03-28 14:13:25
R000970,O202503280093,-16.22,delay,2025-03-28 15:30:12
R000971,O202503280005,-13.83,coupon,2025-03-28 19:38:54
R000972,O202503280019,-11.9,coupon,2025-03-28 13:19:49
R000973,O202503280069,-4.24,delay,2025-03-28 19:19:09
R000974,O202503280086,-10.12,delay,2025-03-28 21:46:41
R000975,O202503280016,-17.42,item_issue,2025-03-28 14:48:40
R000976,O202503280048,-7.98,coupon,2025-03-28 22:03:07
R000977,O202503280029,-14.63,coupon,2025-03-28 23:42:23
R000978,O202503280034,-3.33,gesture,2025-03-28 22:52:56
R000979,O202503280062,-10.28,gesture,2025-03-28 23:14:31
R000980,O202503280030,-3.56,delay,2025-03-28 19:12:13
R000981,O202503280068,-12.22,gesture,2025-03-28 09:50:42
R000982,O202503280067,-10.22,delay,2025-03-28 23:23:46
R000983,O202503280045,-2.67,gesture,2025-03-28 22:17:03
R000984,O202503280093,-1.52,coupon,2025-03-28 17:55:51
R000985,O202503280087,-7.12,item_issue,2025-03-28 20:08:58
R000986,O202503280010,-16.13,coupon,2025-03-28 14:33:26
R000987,O202503280073,-4.9,delay,2025-03-28 19:12:08
R000988,O202503280037,-1.89,delay,2025-03-28 08:10:57
R000989,O202503280019,-14.8,coupon,2025-03-28 16:35:57
R000990,O202503280031,-6.09,delay,2025-03-28 21:34:18
R000991,O202503280051,-2.97,gesture,2025-03-28 10:34:01
R000992,O202503280011,-8.27,coupon,2025-03-28 16:14:49
R000993,O202503280036,-1.73,coupon,2025-03-28 12:51:41
R000994,O202503280098,-3.55,coupon,2025-03-28 15:24:27
R000995,O202503290007,-8.26,delay,2025-03-29 20:29:39
R000996,O202503290091,-5.16,item_issue,2025-03-29 13:01:45
R000997,O202503290016,-16.63,gesture,2025-03-29 18:03:25
R000998,O202503290042,-2.1,delay,2025-03-29 10:49:06
R000999,O202503290028,-4.71,gesture,2025-03-29 09:45:26
R001000,O202503290070,-7.8,item_issue,2025-03-29 12:16:34
R001001,O202503290099,-15.83,coupon,2025-03-29 13:33:52
R001002,O202503290044,-6.74,item_issue,2025-03-29 08:56:21
R001003,O202503290076,-9.39,gesture,2025-03-29 20:56:35
R001004,O202503290049,-1.45,gesture,2025-03-29 19:31:12
R001005,O202503290087,-1.33,coupon,2025-03-29 09:17:34
R001006,O202503290002,-1.79,coupon,2025-03-29 10:46:24
R001007,O202503290066,-16.88,gesture,2025-03-29 23:29:29
R001008,O202503290061,-4.11,delay,2025-03-29 13:54:50
R001009,O202503290083,-11.35,gesture,2025-03-29 23:49:35
R001010,O202503290096,-12.33,item_issue,2025-03-29 17:33:38
R001011,O202503290024,-2.02,item_issue,2025-03-29 15:47:37
R001012,O202503290034,-7.04,coupon,2025-03-29 22:45:49
R001013,O202503290027,-3.98,item_issue,2025-03-29 16:39:21
R001014,O202503290047,-10.31,gesture,2025-03-29 11:33:00
R001015,O202503290015,-12.35,delay,2025-03-29 16:21:05
R001016,O202503290077,-18.65,coupon,2025-03-29 17:43:10
R001017,O202503290013,-18.82,gesture,2025-03-29 11:11:13
R001018,O202503290054,-12.87,gesture,2025-03-29 13:17:27
R001019,O202503290079,-18.02,item_issue,2025-03-29 22:00:58
R001020,O202503290010,-17.31,item_issue,2025-03-29 21:17:01
R001021,O202503290025,-10.71,gesture,2025-03-29 11:46:54
R001022,O202503290023,-2.61,gesture,2025-03-29 21:41:54
R001023,O202503290023,-6.52,delay,2025-03-29 13:53:40
R001024,O202503290004,-3.76,coupon,2025-03-29 20:43:50
R001025,O202503290034,-2.81,item_issue,2025-03-29 09:13:46
R001026,O202503290009,-15.51,coupon,2025-03-29 20:33:20
R001027,O202503290026,-6.23,coupon,2025-03-29 10:50:54
R001028,O202503290048,-18.15,gesture,2025-03-29 20:05:51
R001029,O202503290092,-4.37,delay,2025-03-29 11:54:05
R001030,O202503290092,-4.79,delay,2025-03-29 22:16:22
R001031,O202503290090,-10.25,coupon,2025-03-29 08:55:21
R001032,O202503290029,-3.72,delay,2025-03-29 08:14:59
R001033,O202503290077,-14.46,delay,2025-03-29 08:50:01
R001034,O202503290070,-11.9,item_issue,2025-03-29 13:15:04
R001035,O202503290057,-8.94,delay,2025-03-29 10:33:30
R001036,O202503290024,-2.99,delay,2025-03-29 17:34:27
R001037,O202503290040,-11.61,delay,2025-03-29 19:06:06
R001038,O202503290035,-5.22,item_issue,2025-03-29 22:33:04
R001039,O202503290098,-4.1,delay,2025-03-29 21:57:35
R001040,O202503290096,-4.26,gesture,2025-03-29 17:30:36
R001041,O202503290029,-5.83,delay,2025-03-29 21:31:42
R001042,O202503290015,-10.65,coupon,2025-03-29 21:34:43
R001043,O202503300037,-9.08,coupon,2025-03-30 11:09:28
R001044,O202503300068,-15.34,gesture,2025-03-30 13:40:29
R001045,O202503300060,-18.91,coupon,2025-03-30 09:13:21
R001046,O202503300059,-18.83,gesture,2025-03-30 17:30:19
R001047,O202503300067,-7.63,coupon,2025-03-30 12:54:54
R001048,O202503300084,-14.28,coupon,2025-03-30 08:14:41
R001049,O202503300003,-9.7,gesture,2025-03-30 11:50:42
R001050,O202503300064,-4.93,gesture,2025-03-30 22:08:23
R001051,O202503300064,-4.75,item_issue,2025-03-30 13:03:01
R001052,O202503300068,-11.97,gesture,2025-03-30 18:03:24
R001053,O202503300096,-5.02,coupon,2025-03-30 14:36:39
R001054,O202503300025,-14.31,delay,2025-03-30 16:07:53
R001055,O202503300004,-7.21,coupon,2025-03-30 14:31:36
R001056,O202503300067,-13.24,item_issue,2025-03-30 09:20:14
R001057,O202503300060,-7.11,delay,2025-03-30 08:26:17
R001058,O202503300004,-14.26,delay,2025-03-30 10:51:09
R001059,O202503300012,-7.4,delay,2025-03-30 21:31:15
R001060,O202503300057,-8.26,gesture,2025-03-30 23:34:19
R001061,O202503300062,-1.91,coupon,2025-03-30 10:14:11
R001062,O202503300045,-9.05,delay,2025-03-30 20:05:36
R001063,O202503300075,-6.33,delay,2025-03-30 22:54:59
R001064,O202503300048,-10.4,coupon,2025-03-30 19:10:03
R001065,O202503300054,-4.0,item_issue,2025-03-30 21:30:36
R001066,O202503300072,-5.23,item_issue,2025-03-30 15:19:38
R001067,O202503300097,-14.77,gesture,2025-03-30 21:47:41
R001068,O202503300003,-8.91,delay,2025-03-30 23:21:21
R001069,O202503300049,-5.6,coupon,2025-03-30 13:43:08
R001070,O202503300036,-4.73,gesture,2025-03-30 15:38:40
R001071,O202503300023,-10.35,delay,2025-03-30 09:28:23
R001072,O202503300054,-18.66,delay,2025-03-30 15:05:10
R001073,O202503300053,-10.55,delay,2025-03-30 16:55:05
R001074,O202503300061,-11.88,gesture,2025-03-30 12:50:30
R001075,O202503300028,-17.69,gesture,2025-03-30 17:05:19
R001076,O202503300091,-8.23,gesture,2025-03-30 09:04:59
R001077,O202503300003,-3.66,gesture,2025-03-30 20:28:56
R001078,O202503300046,-12.45,item_issue,2025-03-30 12:40:56
R001079,O202503300036,-4.29,item_issue,2025-03-30 15:33:35
R001080,O202503300089,-7.32,item_issue,2025-03-30 11:24:22
R001081,O202503300086,-16.96,coupon,2025-03-30 17:18:54
R001082,O202503300086,-18.98,gesture,2025-03-30 20:55:45
R001083,O202503300091,-7.67,coupon,2025-03-30 09:28:18
R001084,O202503300017,-1.07,delay,2025-03-30 21:48:35
R001085,O202503300067,-13.85,item_issue,2025-03-30 20:34:35
R001086,O202503300079,-3.81,item_issue,2025-03-30 14:35:45
R001087,O202503300018,-5.48,gesture,2025-03-30 22:50:02
R001088,O202503300075,-7.4,delay,2025-03-30 08:27:03
R001089,O202503300015,-5.59,gesture,2025-03-30 20:53:35
R001090,O202503300021,-2.84,delay,2025-03-30 20:12:22
R001091,O202503300085,-17.72,delay,2025-03-30 15:03:31
R001092,O202503300069,-11.5,coupon,2025-03-30 13:19:55
R001093,O202503310057,-19.39,coupon,2025-03-31 11:13:32
R001094,O202503310078,-3.54,coupon,2025-03-31 21:36:18
R001095,O202503310030,-14.44,gesture,2025-03-31 22:01:38
R001096,O202503310069,-4.77,item_issue,2025-03-31 21:59:25
R001097,O202503310052,-5.6,coupon,2025-03-31 15:00:42
R001098,O202503310100,-16.69,gesture,2025-03-31 13:36:34
R001099,O202503310018,-5.37,coupon,2025-03-31 21:02:47
R001100,O202503310059,-6.06,coupon,2025-03-31 22:35:41
R001101,O202503310070,-8.88,coupon,2025-03-31 22:15:26
R001102,O202503310054,-4.29,gesture,2025-03-31 12:52:32
R001103,O202503310034,-7.49,coupon,2025-03-31 14:20:37
R001104,O202503310082,-8.44,coupon,2025-03-31 12:02:21
R001105,O202503310036,-4.89,item_issue,2025-03-31 15:32:47
R001106,O202503310084,-5.02,coupon,2025-03-31 23:21:09
R001107,O202503310080,-8.54,gesture,2025-03-31 20:09:22
R001108,O202503310058,-14.12,item_issue,2025-03-31 15:13:36
R001109,O202503310094,-2.82,coupon,2025-03-31 13:42:12
R001110,O202503310085,-1.19,gesture,2025-03-31 09:23:18
R001111,O202503310022,-5.89,coupon,2025-03-31 23:29:09
R001112,O202503310039,-3.66,gesture,2025-03-31 22:59:05
R001113,O202503310073,-9.09,item_issue,2025-03-31 11:38:36
R001114,O202503310057,-6.47,delay,2025-03-31 14:06:58
R001115,O202503310030,-7.34,item_issue,2025-03-31 11:45:22
R001116,O202503310061,-6.72,delay,2025-03-31 08:09:16
R001117,O202503310041,-15.07,item_issue,2025-03-31 09:28:54
R001118,O202503310088,-7.01,item_issue,2025-03-31 09:51:23
R001119,O202503310075,-10.1,delay,2025-03-31 09:06:10
R001120,O202503310096,-19.1,gesture,2025-03-31 23:15:01
R001121,O202503310074,-8.07,item_issue,2025-03-31 15:48:40
R001122,O202503310063,-5.92,delay,2025-03-31 21:19:54
